occurrence_id,context_id,selected_word,source_file,sentence_index,match_index_in_sentence,target_text,target_start,target_end,previous_sentence,sentence_text,next_sentence,context,context_word_count,cluster_id,weak_label,weak_label_reason,model_text,split,predicted_label,prediction_probability
1555,A07594__Circle_of_Commerce:266,trade,A07594__Circle_of_Commerce.txt,266,1,trade,148,153,"His time and charges if hee hath ſpent any, are more likely to haue beene ſpent in proling Proiects:",and I wiſh all were ſo ſerv'd that follow that trade.,Nay will you heare him what he ſayes of the whole Kingdome?,"His time and charges if hee hath ſpent any, are more likely to haue beene ſpent in proling Proiects: and I wiſh all were ſo ſerv'd that follow that trade. Nay will you heare him what he ſayes of the whole Kingdome?",42,3,occupation_or_craft,follow,"his time and charges if hee hath ſpent any, are more likely to haue beene ſpent in proling proiects: and i wiſh all were ſo ſerv'd that that . nay will you heare him what he ſayes of the whole kingdome?",test,commercial_exchange,0.5007102893028941
4866,A17958:6228,trade,A17958.txt,6228,1,trade,590,595,"brethren, and possesseth sundry large priuiledges ouer the whole hauen, to wit, an yeerely rent of boates and barges appertayning to the harbour, ancorage of strange shipping, crowning of dead persons, laying of arrests, and other Admirall rights, besides electing of Burgesses for the Parliaments, benefit of the passage, foreclosing all others, saue themselues, from dredging of Oysters, except betweene Candlemas and Easter, weckely markets, halfe-yeerely fayres, &c.","The towne is of late yeeres well encreased and ador∣ned with buildings, & the townsmen addict themselues to the honest trade of marchandise, which endoweth them with a competent wealth.",Some 7.,"brethren, and possesseth sundry large priuiledges ouer the whole hauen, to wit, an yeerely rent of boates and barges appertayning to the harbour, ancorage of strange shipping, crowning of dead persons, laying of arrests, and other Admirall rights, besides electing of Burgesses for the Parliaments, benefit of the passage, foreclosing all others, saue themselues, from dredging of Oysters, except betweene Candlemas and Easter, weckely markets, halfe-yeerely fayres, &c. The towne is of late yeeres well encreased and ador∣ned with buildings, & the townsmen addict themselues to the honest trade of marchandise, which endoweth them with a competent wealth. Some 7.",100,0,commercial_exchange,shipping,"brethren, and possesseth sundry large priuiledges ouer the whole hauen, to wit, an yeerely rent of boates and barges appertayning to the harbour, ancorage of strange , crowning of dead persons, laying of arrests, and other admirall rights, besides electing of burgesses for the parliaments, benefit of the passage, foreclosing all others, saue themselues, from dredging of oysters, except betweene candlemas and easter, weckely markets, halfe-yeerely fayres, &c. the towne is of late yeeres well encreased and ador∣ned with buildings, & the townsmen addict themselues to the honest of marchandise, which endoweth them with a competent wealth. some 7.",test,occupation_or_craft,0.5066162218192347
4583,A16286:1154,trade,A16286.txt,1154,1,trade,311,316,"had taken Arabia, and had possession thereof, hee sent a Ship load of Frankincense to the Noble man, and bad him serve the Gods plentifully, and not offer Incense miserably.","Mahumet born in Arabia.This is that Countrey wherein Mahumet was borne, who being of meane parentage, was brought up in his youth in the trade of Merchandize;","but afterward joyning himselfe with Theeves and Robbers, his life was to rob such Merchants as passed thorow Arabia;","had taken Arabia, and had possession thereof, hee sent a Ship load of Frankincense to the Noble man, and bad him serve the Gods plentifully, and not offer Incense miserably. Mahumet born in Arabia.This is that Countrey wherein Mahumet was borne, who being of meane parentage, was brought up in his youth in the trade of Merchandize; but afterward joyning himselfe with Theeves and Robbers, his life was to rob such Merchants as passed thorow Arabia;",76,1,commercial_exchange,"merchants, ship","had taken arabia, and had possession thereof, hee sent a load of frankincense to the noble man, and bad him serve the gods plentifully, and not offer incense miserably. mahumet born in arabia.this is that countrey wherein mahumet was borne, who being of meane parentage, was brought up in his youth in the of merchandize; but afterward joyning himselfe with theeves and robbers, his life was to rob such as passed thorow arabia;",test,occupation_or_craft,0.5066380031270681
6131,A71305:12972,trade,A71305.txt,12972,1,trade,409,414,minute be a very fair river and one of the most principal which we see in that country stretch in east and east and by south this night about one of the clock we come to the patience lie in the king ford.,Sunday the six and twenty master Andrew Barker and our merchant master wilkinson with other of the company be in conference about return home because that since our master be slay none of the savage will trade with we as they be wont Wednesday the nine and twenty we be likewise occupy about take in of ballast for our ship be very light and that evening it be agree that Andrew Barker master of the hearts-ease shall go master of,the patience William Huntrice master of the hearts-ease which be sore against the mind of William Gourd^n and William Huntrice be appoint master of the hearts-ease and John garte^^y one of the quarter master of the patience be master mate of the hearts-ease Tuesday the four of August in the morning the wind be northerly a very small gale we get to sea where the wind come to the southward and we tack sometime on the one board they come,minute be a very fair river and one of the most principal which we see in that country stretch in east and east and by south this night about one of the clock we come to the patience lie in the king ford. Sunday the six and twenty master Andrew Barker and our merchant master wilkinson with other of the company be in conference about return home because that since our master be slay none of the savage will trade with we as they be wont Wednesday the nine and twenty we be likewise occupy about take in of ballast for our ship be very light and that evening it be agree that Andrew Barker master of the hearts-ease shall go master of the patience William Huntrice master of the hearts-ease which be sore against the mind of William Gourd^n and William Huntrice be appoint master of the hearts-ease and John garte^^y one of the quarter master of the patience be master mate of the hearts-ease Tuesday the four of August in the morning the wind be northerly a very small gale we get to sea where the wind come to the southward and we tack sometime on the one board they come,203,3,commercial_exchange,"company, merchant, ship",minute be a very fair river and one of the most principal which we see in that country stretch in east and east and by south this night about one of the clock we come to the patience lie in the king ford. sunday the six and twenty master andrew barker and our master wilkinson with other of the be in conference about return home because that since our master be slay none of the savage will with we as they be wont wednesday the nine and twenty we be likewise occupy about take in of ballast for our be very light and that evening it be agree that andrew barker master of the hearts-ease shall go master of the patience william huntrice master of the hearts-ease which be sore against the mind of william gourd^n and william huntrice be appoint master of the hearts-ease and john garte^^y one of the quarter master of the patience be master mate of the hearts-ease tuesday the four of august in the morning the wind be northerly a very small gale we get to sea where the wind come to the southward and we tack sometime on the one board they come,test,occupation_or_craft,0.5074791981365468
4029,A13172:9905,trade,A13172.txt,9905,1,trade,98,103,"Long he hath bene a spie, and pensioner of the king of Spaine.","But now perceiuing belike that the trade is become odious, & groweth out of request, he is turned Masse priest, and set to sing for the soules of his friends, after thrée farthings a Masse.","And least he might forget his old art of spiery, he is now set to spy for his holy father, if by any good aduenture he can sée Christs true body lurking vnder the accidents of the Masse-cake, his bloud by a necessary concomitance, as they say, being not farre off.","Long he hath bene a spie, and pensioner of the king of Spaine. But now perceiuing belike that the trade is become odious, & groweth out of request, he is turned Masse priest, and set to sing for the soules of his friends, after thrée farthings a Masse. And least he might forget his old art of spiery, he is now set to spy for his holy father, if by any good aduenture he can sée Christs true body lurking vnder the accidents of the Masse-cake, his bloud by a necessary concomitance, as they say, being not farre off.",99,2,occupation_or_craft,art,"long he hath bene a spie, and pensioner of the king of spaine. but now perceiuing belike that the is become odious, & groweth out of request, he is turned masse priest, and set to sing for the soules of his friends, after thrée farthings a masse. and least he might forget his old of spiery, he is now set to spy for his holy father, if by any good aduenture he can sée christs true body lurking vnder the accidents of the masse-cake, his bloud by a necessary concomitance, as they say, being not farre off.",test,commercial_exchange,0.5109253886691352
6223,A71306:7653,trade,A71306.txt,7653,1,trade,605,610,and because chavalier be desirous to voyage upon the coast of the french Bay gather some bever he send he in a small bark to the river of saint John call by the savage and to the i will saint croix and he the say de poutrincourt go in a shallop to the copper i I be of the say chevalier his voyage we cross the french bay to go to the say river where as soon as we arrive,half a dozen salmon new take salmon be bring to we we sojourn there four day during which we go into the cabin of Sagamos Chkoudun where we see some eighty or a hundred savage all naked except their assembly of savage a feast filthy trade privy member which be a make tabagy that be to say a banquet with the meal that the say chevalier have truck with they for their old skin full of louse the town of,Ouigoudi so I call the dwell of the say Chkoudun be a great enclosure upon a hill compass about with high and small tree tie one against another and within it many cabin great and small one of which be as great as a market hall wherein many household retire themselves and as for the same where they make their tabagie it be somewhat less a good part of the say savage be of Gachepe which be the begin of,and because chavalier be desirous to voyage upon the coast of the french Bay gather some bever he send he in a small bark to the river of saint John call by the savage and to the i will saint croix and he the say de poutrincourt go in a shallop to the copper i I be of the say chevalier his voyage we cross the french bay to go to the say river where as soon as we arrive half a dozen salmon new take salmon be bring to we we sojourn there four day during which we go into the cabin of Sagamos Chkoudun where we see some eighty or a hundred savage all naked except their assembly of savage a feast filthy trade privy member which be a make tabagy that be to say a banquet with the meal that the say chevalier have truck with they for their old skin full of louse the town of Ouigoudi so I call the dwell of the say Chkoudun be a great enclosure upon a hill compass about with high and small tree tie one against another and within it many cabin great and small one of which be as great as a market hall wherein many household retire themselves and as for the same where they make their tabagie it be somewhat less a good part of the say savage be of Gachepe which be the begin of,240,0,commercial_exchange,market,and because chavalier be desirous to voyage upon the coast of the french bay gather some bever he send he in a small bark to the river of saint john call by the savage and to the i will saint croix and he the say de poutrincourt go in a shallop to the copper i i be of the say chevalier his voyage we cross the french bay to go to the say river where as soon as we arrive half a dozen salmon new take salmon be bring to we we sojourn there four day during which we go into the cabin of sagamos chkoudun where we see some eighty or a hundred savage all naked except their assembly of savage a feast filthy privy member which be a make tabagy that be to say a banquet with the meal that the say chevalier have truck with they for their old skin full of louse the town of ouigoudi so i call the dwell of the say chkoudun be a great enclosure upon a hill compass about with high and small tree tie one against another and within it many cabin great and small one of which be as great as a hall wherein many household retire themselves and as for the same where they make their tabagie it be somewhat less a good part of the say savage be of gachepe which be the begin of,test,occupation_or_craft,0.5121496339657786
7722,Wealth_Nations:39063,trade,Wealth_Nations.txt,39063,1,trade,74,79,When a tax is imposed upon the profits of stock in a particular branch of,"trade, the traders are all careful to bring no more goods to market than",what they can sell at a price sufficient to reimburse them from advancing,"When a tax is imposed upon the profits of stock in a particular branch of trade, the traders are all careful to bring no more goods to market than what they can sell at a price sufficient to reimburse them from advancing",42,3,commercial_exchange,"goods, market, price","when a tax is imposed upon the profits of stock in a particular branch of , the traders are all careful to bring no more to than what they can sell at a sufficient to reimburse them from advancing",test,occupation_or_craft,0.5158665099466552
6346,A71306:11097,trade,A71306.txt,11097,1,trade,521,526,best fecibility and accomplish this noble work but I be only a freeman no counsellor of that plantation and have neither land there nor other adventure therein but this of my love and credit which with the allegiance to my sovereign and desire of the public good of this kingdom be more to i then all the treasure of America I seek the good and not the good of England and Virginia I follow the hand of God which have,give England so many right in Virginia right natural right national right by first discovery by accept trade by possession surrender voluntary continue constant right by gift by birth by bargain and sale by session by forfeiture in that late damnable treachery and massacre and the fatal possession take by so many murder English God bounty before his justice now have give we Virginia that we shall so in judgement remember mercy as to give Virginia again to God in,christian acknowledgement of his goodness and the conclusion mercy of his word and work and in our own more serious conversion to prepare that of Virginia God go before we in make this design honourable to religion to humanity to our ancestor to our king to our kingdom God go before we and have give Virginia so rich a portion to allure and assure our love in multiply our people and thereby our necessity enforce a vent in endow Virginia,best fecibility and accomplish this noble work but I be only a freeman no counsellor of that plantation and have neither land there nor other adventure therein but this of my love and credit which with the allegiance to my sovereign and desire of the public good of this kingdom be more to i then all the treasure of America I seek the good and not the good of England and Virginia I follow the hand of God which have give England so many right in Virginia right natural right national right by first discovery by accept trade by possession surrender voluntary continue constant right by gift by birth by bargain and sale by session by forfeiture in that late damnable treachery and massacre and the fatal possession take by so many murder English God bounty before his justice now have give we Virginia that we shall so in judgement remember mercy as to give Virginia again to God in christian acknowledgement of his goodness and the conclusion mercy of his word and work and in our own more serious conversion to prepare that of Virginia God go before we in make this design honourable to religion to humanity to our ancestor to our king to our kingdom God go before we and have give Virginia so rich a portion to allure and assure our love in multiply our people and thereby our necessity enforce a vent in endow Virginia,240,3,occupation_or_craft,"follow, work",best fecibility and accomplish this noble but i be only a freeman no counsellor of that plantation and have neither land there nor other adventure therein but this of my love and credit which with the allegiance to my sovereign and desire of the public good of this kingdom be more to i then all the treasure of america i seek the good and not the good of england and virginia i the hand of god which have give england so many right in virginia right natural right national right by first discovery by accept by possession surrender voluntary continue constant right by gift by birth by bargain and sale by session by forfeiture in that late damnable treachery and massacre and the fatal possession take by so many murder english god bounty before his justice now have give we virginia that we shall so in judgement remember mercy as to give virginia again to god in christian acknowledgement of his goodness and the conclusion mercy of his word and and in our own more serious conversion to prepare that of virginia god go before we in make this design honourable to religion to humanity to our ancestor to our king to our kingdom god go before we and have give virginia so rich a portion to allure and assure our love in multiply our people and thereby our necessity enforce a vent in endow virginia,test,commercial_exchange,0.5169219783287121
7662,Wealth_Nations:33801,trade,Wealth_Nations.txt,33801,1,trade,122,127,"It ought to be observed, that in the trade which the South Sea company","carried on by means of their annual ship, the only trade by which it ever","was expected that they could make any considerable profit, they were not","It ought to be observed, that in the trade which the South Sea company carried on by means of their annual ship, the only trade by which it ever was expected that they could make any considerable profit, they were not",41,2,commercial_exchange,"company, ship","it ought to be observed, that in the which the south sea carried on by means of their annual , the only by which it ever was expected that they could make any considerable profit, they were not",test,occupation_or_craft,0.518181898802004
5141,A68617:10738,trade,A68617.txt,10738,1,trade,453,458,3 difference betwixt the hollander still themselves English the javan and other thing remarkable about this time also there be much fall out between the fleming and the country people by mean of the rude behaviour of the fleming and many of they be stab in the evening and at that time the common people know not we from the fleming for both they and we be call by the name of englishman by reason of their usurp our name,at their first come thither to trade wherein they do our nation much wrong for we be ever ashamed of their behaviour and as we pass along the street we may hear the people in the market rail and exclaim on the english man although they mean the hollander wherefore hollander call themselves English in the indies and so disgrace we Novemb.,17.,3 difference betwixt the hollander still themselves English the javan and other thing remarkable about this time also there be much fall out between the fleming and the country people by mean of the rude behaviour of the fleming and many of they be stab in the evening and at that time the common people know not we from the fleming for both they and we be call by the name of englishman by reason of their usurp our name at their first come thither to trade wherein they do our nation much wrong for we be ever ashamed of their behaviour and as we pass along the street we may hear the people in the market rail and exclaim on the english man although they mean the hollander wherefore hollander call themselves English in the indies and so disgrace we Novemb. 17.,143,3,commercial_exchange,market,3 difference betwixt the hollander still themselves english the javan and other thing remarkable about this time also there be much fall out between the fleming and the country people by mean of the rude behaviour of the fleming and many of they be stab in the evening and at that time the common people know not we from the fleming for both they and we be call by the name of englishman by reason of their usurp our name at their first come thither to wherein they do our nation much wrong for we be ever ashamed of their behaviour and as we pass along the street we may hear the people in the rail and exclaim on the english man although they mean the hollander wherefore hollander call themselves english in the indies and so disgrace we novemb. 17.,test,occupation_or_craft,0.5202551475291233
2055,A10228(1):10748,trade,A10228(1).txt,10748,1,trade,591,596,by which name be signify a kingdom in the continent and a island also with a safe harbour which with two other island be in the mouth of the river moghincat in fifteen degree south Mosambique be inhabit by portugall which have there a strong castle here the Portugal ship winter in this island be sheep with tail of five and twenty pound weight a beast common in Africa hen black both in feather flesh and bone and sodden look,like ink yet sweet than other in taste pork very good but for the decree sauce there be some mahometans as they be all before the portugall arrival there they have trade in the continent in Sena Sofala Cuama a people for the most part differ in speech and behaviour each village fight with her neighbour captive they and some as at eat they their chief ^^^^^ be by hunt and by flesh of elephant in every village be a,new king.,by which name be signify a kingdom in the continent and a island also with a safe harbour which with two other island be in the mouth of the river moghincat in fifteen degree south Mosambique be inhabit by portugall which have there a strong castle here the Portugal ship winter in this island be sheep with tail of five and twenty pound weight a beast common in Africa hen black both in feather flesh and bone and sodden look like ink yet sweet than other in taste pork very good but for the decree sauce there be some mahometans as they be all before the portugall arrival there they have trade in the continent in Sena Sofala Cuama a people for the most part differ in speech and behaviour each village fight with her neighbour captive they and some as at eat they their chief ^^^^^ be by hunt and by flesh of elephant in every village be a new king.,162,3,commercial_exchange,ship,by which name be signify a kingdom in the continent and a island also with a safe harbour which with two other island be in the mouth of the river moghincat in fifteen degree south mosambique be inhabit by portugall which have there a strong castle here the portugal winter in this island be sheep with tail of five and twenty pound weight a beast common in africa hen black both in feather flesh and bone and sodden look like ink yet sweet than other in taste pork very good but for the decree sauce there be some mahometans as they be all before the portugall arrival there they have in the continent in sena sofala cuama a people for the most part differ in speech and behaviour each village fight with her neighbour captive they and some as at eat they their chief ^^^^^ be by hunt and by flesh of elephant in every village be a new king.,test,occupation_or_craft,0.5217152061660083
2686,A10821:2372,trade,A10821.txt,2372,1,trade,351,356,"I finde some Authors to have left for a re∣membrance behind them, a touch of the trade of this Countrey in The trade of Egypt in times past settled in Alexandria.","times past practised by the commodiousnesse of the red Seas, which entreth into the heart of this Country, and because that Galuano relateth the beginning, continuance, and period of this trade, I will briefly follow his words.",Ptol:,"I finde some Authors to have left for a re∣membrance behind them, a touch of the trade of this Countrey in The trade of Egypt in times past settled in Alexandria. times past practised by the commodiousnesse of the red Seas, which entreth into the heart of this Country, and because that Galuano relateth the beginning, continuance, and period of this trade, I will briefly follow his words. Ptol:",69,2,occupation_or_craft,follow,"i finde some authors to have left for a re∣membrance behind them, a touch of the of this countrey in the of egypt in times past settled in alexandria. times past practised by the commodiousnesse of the red seas, which entreth into the heart of this country, and because that galuano relateth the beginning, continuance, and period of this , i will briefly his words. ptol:",test,commercial_exchange,0.5251777246066298
3903,A12470:112,trade,A12470.txt,112,1,trade,328,333,"baskets litle & great, of which hauing la∣ded my barge, with many signes of great kindnes I returned:","at my departure they requested me to hear our pieces, being in the midst of the riuer, which in regard of y • eccho séemed a peale of ordnance, many birds and fowles they see vs dayly kil that much feared them, so desirous of trade wer they, y t they would follow me with their canowes, & for any thing giue it me, ra∣ther then returne it back:",so I vnladed again 7 or 8.,"baskets litle & great, of which hauing la∣ded my barge, with many signes of great kindnes I returned: at my departure they requested me to hear our pieces, being in the midst of the riuer, which in regard of y • eccho séemed a peale of ordnance, many birds and fowles they see vs dayly kil that much feared them, so desirous of trade wer they, y t they would follow me with their canowes, & for any thing giue it me, ra∣ther then returne it back: so I vnladed again 7 or 8.",94,3,occupation_or_craft,follow,"baskets litle & great, of which hauing la∣ded my barge, with many signes of great kindnes i returned: at my departure they requested me to hear our pieces, being in the midst of the riuer, which in regard of y • eccho séemed a peale of ordnance, many birds and fowles they see vs dayly kil that much feared them, so desirous of wer they, y t they would me with their canowes, & for any thing giue it me, ra∣ther then returne it back: so i vnladed again 7 or 8.",test,commercial_exchange,0.5312229926391382
2150,A10231(1):10012,trade,A10231(1).txt,10012,1,trade,485,490,their senior and all obey their commander with much silence some be marry a breach of their first institution and live in private house many of they undertake to guard such christian as will be at the charge both about the city and in their travel from violence and incivility wherein they be most faithful this appear in one of they of late strike by a swagger Englishman as they travel through Morea who yet with much patience and fidelity,he bring safe to zante they be all of some trade receive but five asper a day to which pension his elder son be admit from his birth two growne yearly one of violet the other of stammel they bear in their hand a great tough reed tip with silver wherewith they strike such as displease they no justice may be public administer on they but private be by their aga correct and sometime throw into the sea in the,night they be most tumultuous when the emperor be die or dead for which cause it be by all industry conceal from they till the next be establish who must bestow a largesse present and increase their pension a Asper a day they have late admit beside renegado natural Turk of which one be now bassa of the port which be never before know he have also in pay other call Topegi six thousand which be gunner and twelve thousand,their senior and all obey their commander with much silence some be marry a breach of their first institution and live in private house many of they undertake to guard such christian as will be at the charge both about the city and in their travel from violence and incivility wherein they be most faithful this appear in one of they of late strike by a swagger Englishman as they travel through Morea who yet with much patience and fidelity he bring safe to zante they be all of some trade receive but five asper a day to which pension his elder son be admit from his birth two growne yearly one of violet the other of stammel they bear in their hand a great tough reed tip with silver wherewith they strike such as displease they no justice may be public administer on they but private be by their aga correct and sometime throw into the sea in the night they be most tumultuous when the emperor be die or dead for which cause it be by all industry conceal from they till the next be establish who must bestow a largesse present and increase their pension a Asper a day they have late admit beside renegado natural Turk of which one be now bassa of the port which be never before know he have also in pay other call Topegi six thousand which be gunner and twelve thousand,240,2,commercial_exchange,port,their senior and all obey their commander with much silence some be marry a breach of their first institution and live in private house many of they undertake to guard such christian as will be at the charge both about the city and in their travel from violence and incivility wherein they be most faithful this appear in one of they of late strike by a swagger englishman as they travel through morea who yet with much patience and fidelity he bring safe to zante they be all of some receive but five asper a day to which pension his elder son be admit from his birth two growne yearly one of violet the other of stammel they bear in their hand a great tough reed tip with silver wherewith they strike such as displease they no justice may be public administer on they but private be by their aga correct and sometime throw into the sea in the night they be most tumultuous when the emperor be die or dead for which cause it be by all industry conceal from they till the next be establish who must bestow a largesse present and increase their pension a asper a day they have late admit beside renegado natural turk of which one be now bassa of the which be never before know he have also in pay other call topegi six thousand which be gunner and twelve thousand,test,occupation_or_craft,0.5325218451648259
4478,A16053:11595,trade,A16053.txt,11595,1,trade,53,58,What did his Gentilitie or his Office cost him?,What trade was his Father of?,and of what occupation his Mother?,What did his Gentilitie or his Office cost him? What trade was his Father of? and of what occupation his Mother?,21,3,occupation_or_craft,occupation,what did his gentilitie or his office cost him? what was his father of? and of what his mother?,test,commercial_exchange,0.5344890453713933
3578,A10821:13409,trade,A10821.txt,13409,1,trade,152,157,Munster 1.,"the first ground that ever I trod on out of my native soyle, being about 13 or 14 yeares old, and then began to be imployed by my Parents in trade of merchandising.","Connaght is the second Province, the chiefe Cities are Dunrat∣tie and Gall aie;","Munster 1. the first ground that ever I trod on out of my native soyle, being about 13 or 14 yeares old, and then began to be imployed by my Parents in trade of merchandising. Connaght is the second Province, the chiefe Cities are Dunrat∣tie and Gall aie;",48,1,occupation_or_craft,parents,"munster 1. the first ground that ever i trod on out of my native soyle, being about 13 or 14 yeares old, and then began to be imployed by my in of merchandising. connaght is the second province, the chiefe cities are dunrat∣tie and gall aie;",test,commercial_exchange,0.5375363495785304
1189,A06786:5130,trade,A06786.txt,5130,1,trade,372,377,"Others would haue all things at large in the course of trafficke, and that there should be no Societies or Corporations of Merchants for any places of trade;","but that by way of partenership, Merchants might associate themselues to make or enterprise some voyages, or in sending of commodities in copartnership, without regard had that innouations are dangerous, where the trade hath beene carried alwayes by Companies or Societies, whereof some are of great antiquitie.","This is more considerable in the gouernements of Monarchies (and especially in Islands) than in State or popular gouernements, where the ouerballancing of forraine commodities is not respected;","Others would haue all things at large in the course of trafficke, and that there should be no Societies or Corporations of Merchants for any places of trade; but that by way of partenership, Merchants might associate themselues to make or enterprise some voyages, or in sending of commodities in copartnership, without regard had that innouations are dangerous, where the trade hath beene carried alwayes by Companies or Societies, whereof some are of great antiquitie. This is more considerable in the gouernements of Monarchies (and especially in Islands) than in State or popular gouernements, where the ouerballancing of forraine commodities is not respected;",103,2,commercial_exchange,"commodities, merchants","others would haue all things at large in the course of trafficke, and that there should be no societies or corporations of for any places of ; but that by way of partenership, might associate themselues to make or enterprise some voyages, or in sending of in copartnership, without regard had that innouations are dangerous, where the hath beene carried alwayes by companies or societies, whereof some are of great antiquitie. this is more considerable in the gouernements of monarchies (and especially in islands) than in state or popular gouernements, where the ouerballancing of forraine is not respected;",test,occupation_or_craft,0.5429785127431063
7136,Wealth_Nations:20671,trade,Wealth_Nations.txt,20671,1,trade,103,108,"repeal of the law of settlements, so that a poor workman, when thrown out","of employment, either in one trade or in one place, may seek for it in","another trade or in another place, without the fear either of a","repeal of the law of settlements, so that a poor workman, when thrown out of employment, either in one trade or in one place, may seek for it in another trade or in another place, without the fear either of a",41,2,occupation_or_craft,workman,"repeal of the law of settlements, so that a poor , when thrown out of employment, either in one or in one place, may seek for it in another or in another place, without the fear either of a",test,commercial_exchange,0.5519505688633788
3838,A12461:8363,trade,A12461.txt,8363,1,Trade,298,303,"and from which (few would thinke it) they should draw so many millions yeerely as they doe, as more in particular in the trials of New England you may see;","and such an incredible number of ships, that breeds them so many Sailers, Mariners, Souldiers, and Merchants, neuer to be wrought out of that Trade, and fit for any other.","I will not deny but others may gaine as well as they that will vse it, though not so certainly, nor so much in quantitie, for want of experience:","and from which (few would thinke it) they should draw so many millions yeerely as they doe, as more in particular in the trials of New England you may see; and such an incredible number of ships, that breeds them so many Sailers, Mariners, Souldiers, and Merchants, neuer to be wrought out of that Trade, and fit for any other. I will not deny but others may gaine as well as they that will vse it, though not so certainly, nor so much in quantitie, for want of experience:",89,3,commercial_exchange,merchants,"and from which (few would thinke it) they should draw so many millions yeerely as they doe, as more in particular in the trials of new england you may see; and such an incredible number of ships, that breeds them so many sailers, mariners, souldiers, and , neuer to be wrought out of that , and fit for any other. i will not deny but others may gaine as well as they that will vse it, though not so certainly, nor so much in quantitie, for want of experience:",test,occupation_or_craft,0.5528285721098122
6093,A71305:9988,trade,A71305.txt,9988,1,trade,616,621,come again sudden in the cold air die from dansk he go to marienberg a town also stand on the vistle whereby it run in another channel and betwixt both these make a island wherein stand Nerdeich which island be compass with a wall to fortify it against the come down of the vistle in the spring at the thaw of the snow high wall etc.,this wall seem in some place as high as Paul steeple and otherwhere as high as Paul church where yet it have sometime be overflow full it be of hoffe and village belong to the lord of dansk HONDIUS his map of BORUSSIA or Prussia Prussia thence he go to elbing a fair town where our trade be now for flax which be before at dansk thence remove for their insolence here our man only pay custom other be free and this they do voluntary and have in this respect very much authority among the lord there the town still flourish with building etc.,HONDIUS his map of livonia or LIEFLAND livonia the momese be almost saluadoe retain still their old superstition as to worship the sun idolatry or the first beast they meet with and especial they have in religious reckon their leave this which they call se-leave or the grove be a company of tree which it be religious to touch and he know a Dutchman Martin Yekell of derpt who break a bough be swell a year together as big as,come again sudden in the cold air die from dansk he go to marienberg a town also stand on the vistle whereby it run in another channel and betwixt both these make a island wherein stand Nerdeich which island be compass with a wall to fortify it against the come down of the vistle in the spring at the thaw of the snow high wall etc. this wall seem in some place as high as Paul steeple and otherwhere as high as Paul church where yet it have sometime be overflow full it be of hoffe and village belong to the lord of dansk HONDIUS his map of BORUSSIA or Prussia Prussia thence he go to elbing a fair town where our trade be now for flax which be before at dansk thence remove for their insolence here our man only pay custom other be free and this they do voluntary and have in this respect very much authority among the lord there the town still flourish with building etc. HONDIUS his map of livonia or LIEFLAND livonia the momese be almost saluadoe retain still their old superstition as to worship the sun idolatry or the first beast they meet with and especial they have in religious reckon their leave this which they call se-leave or the grove be a company of tree which it be religious to touch and he know a Dutchman Martin Yekell of derpt who break a bough be swell a year together as big as,250,0,commercial_exchange,company,come again sudden in the cold air die from dansk he go to marienberg a town also stand on the vistle whereby it run in another channel and betwixt both these make a island wherein stand nerdeich which island be compass with a wall to fortify it against the come down of the vistle in the spring at the thaw of the snow high wall etc. this wall seem in some place as high as paul steeple and otherwhere as high as paul church where yet it have sometime be overflow full it be of hoffe and village belong to the lord of dansk hondius his map of borussia or prussia prussia thence he go to elbing a fair town where our be now for flax which be before at dansk thence remove for their insolence here our man only pay custom other be free and this they do voluntary and have in this respect very much authority among the lord there the town still flourish with building etc. hondius his map of livonia or liefland livonia the momese be almost saluadoe retain still their old superstition as to worship the sun idolatry or the first beast they meet with and especial they have in religious reckon their leave this which they call se-leave or the grove be a of tree which it be religious to touch and he know a dutchman martin yekell of derpt who break a bough be swell a year together as big as,test,occupation_or_craft,0.5601860335143456
7440,Wealth_Nations:27265,trade,Wealth_Nations.txt,27265,1,trade,42,47,In its,"natural and free state, the colony trade tends to increase the quantity of","productive labor in Great Britain, but without altering in any respect","In its natural and free state, the colony trade tends to increase the quantity of productive labor in Great Britain, but without altering in any respect",26,2,occupation_or_craft,labor,"in its natural and free state, the colony tends to increase the quantity of productive in great britain, but without altering in any respect",test,commercial_exchange,0.5603516138565048
2220,A10231(1):16028,trade,A10231(1).txt,16028,1,trade,703,708,their sin they be bring up altogether to feat of arm and activity from their childhood admirable able to wind and turn themselves and be very resolute and desperate bind themselves by oath to live and die with their king or Lord no nayro woman may enter into Calicut but one night in the year when the city be full of light and then they go with the Nayros to behold and gaze their fill they intend nothing but their,lust and think that if they die virgin they shall never enter into paradise the Biabari the Biabari be another sort and be merchant gentile and enjoy great privilege the king can put they to death but by sentence of the principal of themselves they be the only merchant before the moor trade there and still enjoy many possession these marry one wife and their child inherit and they may touch the nayro the cagianem be a sect of the,Nayros have a law and idol by themselves which they may never alter they make tile to cover the temple and the king palace the nayro may be with their woman but must wash themselves before they go home another sect be call Manantamar which be launderer nor may they or their posterity be of other function nor may they mingle themselves with any other generation they have idol ceremony and temple by themselves the Nayros may use their wife,their sin they be bring up altogether to feat of arm and activity from their childhood admirable able to wind and turn themselves and be very resolute and desperate bind themselves by oath to live and die with their king or Lord no nayro woman may enter into Calicut but one night in the year when the city be full of light and then they go with the Nayros to behold and gaze their fill they intend nothing but their lust and think that if they die virgin they shall never enter into paradise the Biabari the Biabari be another sort and be merchant gentile and enjoy great privilege the king can put they to death but by sentence of the principal of themselves they be the only merchant before the moor trade there and still enjoy many possession these marry one wife and their child inherit and they may touch the nayro the cagianem be a sect of the Nayros have a law and idol by themselves which they may never alter they make tile to cover the temple and the king palace the nayro may be with their woman but must wash themselves before they go home another sect be call Manantamar which be launderer nor may they or their posterity be of other function nor may they mingle themselves with any other generation they have idol ceremony and temple by themselves the Nayros may use their wife,240,0,commercial_exchange,merchant,their sin they be bring up altogether to feat of arm and activity from their childhood admirable able to wind and turn themselves and be very resolute and desperate bind themselves by oath to live and die with their king or lord no nayro woman may enter into calicut but one night in the year when the city be full of light and then they go with the nayros to behold and gaze their fill they intend nothing but their lust and think that if they die virgin they shall never enter into paradise the biabari the biabari be another sort and be gentile and enjoy great privilege the king can put they to death but by sentence of the principal of themselves they be the only before the moor there and still enjoy many possession these marry one wife and their child inherit and they may touch the nayro the cagianem be a sect of the nayros have a law and idol by themselves which they may never alter they make tile to cover the temple and the king palace the nayro may be with their woman but must wash themselves before they go home another sect be call manantamar which be launderer nor may they or their posterity be of other function nor may they mingle themselves with any other generation they have idol ceremony and temple by themselves the nayros may use their wife,test,occupation_or_craft,0.5667549148601261
4974,A68617:7999,trade,A68617.txt,7999,1,trade,245,250,dec.,of a ancient house of great reputation in the empire of Otho the second who charter to the family of the be yet extant but now almost antiquate rot and ruin with antiquity he begin to embrace the sea and use navigation in his childhood and trade many year into Syria and other part of the east and become also a maker of card for the Sea the fame of the Portugal navigation bring he thither to learn the coast,of Africa and with their skill to amend his card and withal his fortune there he marry a wife Philippe de Perestrello by who he have his son james and trade the coast of Guinea some skill it be manifest he have in the latin tongue and be very studious of the mathematics be also in his religion according to that knowledge he have very devout Botero rel.,dec. of a ancient house of great reputation in the empire of Otho the second who charter to the family of the be yet extant but now almost antiquate rot and ruin with antiquity he begin to embrace the sea and use navigation in his childhood and trade many year into Syria and other part of the east and become also a maker of card for the Sea the fame of the Portugal navigation bring he thither to learn the coast of Africa and with their skill to amend his card and withal his fortune there he marry a wife Philippe de Perestrello by who he have his son james and trade the coast of Guinea some skill it be manifest he have in the latin tongue and be very studious of the mathematics be also in his religion according to that knowledge he have very devout Botero rel.,149,3,occupation_or_craft,skill,dec. of a ancient house of great reputation in the empire of otho the second who charter to the family of the be yet extant but now almost antiquate rot and ruin with antiquity he begin to embrace the sea and use navigation in his childhood and many year into syria and other part of the east and become also a maker of card for the sea the fame of the portugal navigation bring he thither to learn the coast of africa and with their to amend his card and withal his fortune there he marry a wife philippe de perestrello by who he have his son james and the coast of guinea some it be manifest he have in the latin tongue and be very studious of the mathematics be also in his religion according to that knowledge he have very devout botero rel.,test,commercial_exchange,0.5690287908504637
4975,A68617:8000,trade,A68617.txt,8000,1,trade,561,566,of a ancient house of great reputation in the empire of Otho the second who charter to the family of the be yet extant but now almost antiquate rot and ruin with antiquity he begin to embrace the sea and use navigation in his childhood and trade many year into Syria and other part of the east and become also a maker of card for the Sea the fame of the Portugal navigation bring he thither to learn the coast,of Africa and with their skill to amend his card and withal his fortune there he marry a wife Philippe de Perestrello by who he have his son james and trade the coast of Guinea some skill it be manifest he have in the latin tongue and be very studious of the mathematics be also in his religion according to that knowledge he have very devout Botero rel.,vn.,of a ancient house of great reputation in the empire of Otho the second who charter to the family of the be yet extant but now almost antiquate rot and ruin with antiquity he begin to embrace the sea and use navigation in his childhood and trade many year into Syria and other part of the east and become also a maker of card for the Sea the fame of the Portugal navigation bring he thither to learn the coast of Africa and with their skill to amend his card and withal his fortune there he marry a wife Philippe de Perestrello by who he have his son james and trade the coast of Guinea some skill it be manifest he have in the latin tongue and be very studious of the mathematics be also in his religion according to that knowledge he have very devout Botero rel. vn.,149,3,occupation_or_craft,skill,of a ancient house of great reputation in the empire of otho the second who charter to the family of the be yet extant but now almost antiquate rot and ruin with antiquity he begin to embrace the sea and use navigation in his childhood and many year into syria and other part of the east and become also a maker of card for the sea the fame of the portugal navigation bring he thither to learn the coast of africa and with their to amend his card and withal his fortune there he marry a wife philippe de perestrello by who he have his son james and the coast of guinea some it be manifest he have in the latin tongue and be very studious of the mathematics be also in his religion according to that knowledge he have very devout botero rel. vn.,test,commercial_exchange,0.5690287908504637
1751,A07605:8,trade,A07605.txt,8,1,trade,336,341,a Gentile and very Idolator.,"But Mahumet being an Orphan at the age of eight yeares, was left in the regiment of one of his vncles, named Abutaliph, who caused him to be instructed by a Iewe in the Mathematical and naturall Sciences* and after that to be married at the age of fifteene or sixteene years, and then instructed him in the trade of Merchandize, which hee practized both in Egipt and Sury, wher not a litle he frequented the company of Iewes and","Christians, but chiefely with a Moncke of the order of saint Benet called Iohn, (as the Bishop of Ptolomais or A^on reporteth,) as also with another Monck called Sergius an hereticall Nestorian, of who^ he learned the holy Scriptures, and especially the old and new Testament.","a Gentile and very Idolator. But Mahumet being an Orphan at the age of eight yeares, was left in the regiment of one of his vncles, named Abutaliph, who caused him to be instructed by a Iewe in the Mathematical and naturall Sciences* and after that to be married at the age of fifteene or sixteene years, and then instructed him in the trade of Merchandize, which hee practized both in Egipt and Sury, wher not a litle he frequented the company of Iewes and Christians, but chiefely with a Moncke of the order of saint Benet called Iohn, (as the Bishop of Ptolomais or A^on reporteth,) as also with another Monck called Sergius an hereticall Nestorian, of who^ he learned the holy Scriptures, and especially the old and new Testament.",131,1,commercial_exchange,company,"a gentile and very idolator. but mahumet being an orphan at the age of eight yeares, was left in the regiment of one of his vncles, named abutaliph, who caused him to be instructed by a iewe in the mathematical and naturall sciences* and after that to be married at the age of fifteene or sixteene years, and then instructed him in the of merchandize, which hee practized both in egipt and sury, wher not a litle he frequented the of iewes and christians, but chiefely with a moncke of the order of saint benet called iohn, (as the bishop of ptolomais or a^on reporteth,) as also with another monck called sergius an hereticall nestorian, of who^ he learned the holy scriptures, and especially the old and new testament.",test,occupation_or_craft,0.5712791734845222
1113,A06785:1924,trade,A06785.txt,1924,1,Trade,177,182,Let not your Heroical Virtues for the Public good be blemished with private Centres of Commerce:,but be you a means that Phoebus himself will be pleased to drive the Chariot of Trade:,"this Centre, whereby the Horses of all societies and corporations my draw a like in the course of Trade by his wise guiding and direction:","Let not your Heroical Virtues for the Public good be blemished with private Centres of Commerce: but be you a means that Phoebus himself will be pleased to drive the Chariot of Trade: this Centre, whereby the Horses of all societies and corporations my draw a like in the course of Trade by his wise guiding and direction:",58,3,commercial_exchange,commerce,"let not your heroical virtues for the public good be blemished with private centres of : but be you a means that phoebus himself will be pleased to drive the chariot of : this centre, whereby the horses of all societies and corporations my draw a like in the course of by his wise guiding and direction:",test,occupation_or_craft,0.572739993060622
5679,A68617:18594,trade,A68617.txt,18594,1,trade,517,522,the portugal go to malacca where have leave seven of their ship the rest return the dutch have now repair themselves take this opportunity and make a unexpected return take one of the Portugal ship slay the man fire the vessel two other fight with the dutch vice-admiral tell both on fire and be consume in both element anger a four also yield the rest be fire by the portugal at malacca be before disfurnish lest they shall fall into,the enemy power dutch woman and family send ja^an the dutch also enterprise a n^w trade at the (@) of go^d ho^e for t^ayne oil and scale skin and ox hide o^ which Isaac le more bring home at once 45000.,seal skin and 500 803.,the portugal go to malacca where have leave seven of their ship the rest return the dutch have now repair themselves take this opportunity and make a unexpected return take one of the Portugal ship slay the man fire the vessel two other fight with the dutch vice-admiral tell both on fire and be consume in both element anger a four also yield the rest be fire by the portugal at malacca be before disfurnish lest they shall fall into the enemy power dutch woman and family send ja^an the dutch also enterprise a n^w trade at the (@) of go^d ho^e for t^ayne oil and scale skin and ox hide o^ which Isaac le more bring home at once 45000. seal skin and 500 803.,126,3,commercial_exchange,ship,the portugal go to malacca where have leave seven of their the rest return the dutch have now repair themselves take this opportunity and make a unexpected return take one of the portugal slay the man fire the vessel two other fight with the dutch vice-admiral tell both on fire and be consume in both element anger a four also yield the rest be fire by the portugal at malacca be before disfurnish lest they shall fall into the enemy power dutch woman and family send ja^an the dutch also enterprise a n^w at the (@) of go^d ho^e for t^ayne oil and scale skin and ox hide o^ which isaac le more bring home at once 45000. seal skin and 500 803.,test,occupation_or_craft,0.5783209761954914
3658,A11408:2570,trade,A11408.txt,2570,1,trade,139,144,"Hereby appeares that he, before the Flood, had betooke himselfe to the vocation of planting and tilling, with all that belonged thereto.","A trade worthy such holy Fathers, and well beseeming their long liues.","For then, and a long time after, was this exercise (by good right) held a lawfull vsurie, a gaine void of Enuie, an Art maintaining all Arts, and the true meanes of long liuing.","Hereby appeares that he, before the Flood, had betooke himselfe to the vocation of planting and tilling, with all that belonged thereto. A trade worthy such holy Fathers, and well beseeming their long liues. For then, and a long time after, was this exercise (by good right) held a lawfull vsurie, a gaine void of Enuie, an Art maintaining all Arts, and the true meanes of long liuing.",68,2,occupation_or_craft,art,"hereby appeares that he, before the flood, had betooke himselfe to the vocation of planting and tilling, with all that belonged thereto. a worthy such holy fathers, and well beseeming their long liues. for then, and a long time after, was this exercise (by good right) held a lawfull vsurie, a gaine void of enuie, an maintaining all arts, and the true meanes of long liuing.",test,commercial_exchange,0.5827059573061488
4398,A15591:746,trade,A15591.txt,746,2,Trade,388,393,"yet men agreeing together, and taking their turnes it is not much.","Much might be spoken of the benefit that may come to such as shall here plant by Trade with the Indians for Furs, if men take a right course for obtaining the same, for I dare presume vpon that small experience I haue had, to affirme, that the English, Dutch, and French, returne yeere∣ly many thousand pounds profits by Trade onely from that Iland, on which we are seated.","Tobacco may be there planted, but not with that profit as in some other places, neither were it profitable there to follow it, though the increase were equall, because fish is a better and richer Commoditie, and more necessary, which may be and are there had in as great abundance as in any other part of the world;","yet men agreeing together, and taking their turnes it is not much. Much might be spoken of the benefit that may come to such as shall here plant by Trade with the Indians for Furs, if men take a right course for obtaining the same, for I dare presume vpon that small experience I haue had, to affirme, that the English, Dutch, and French, returne yeere∣ly many thousand pounds profits by Trade onely from that Iland, on which we are seated. Tobacco may be there planted, but not with that profit as in some other places, neither were it profitable there to follow it, though the increase were equall, because fish is a better and richer Commoditie, and more necessary, which may be and are there had in as great abundance as in any other part of the world;",139,3,occupation_or_craft,follow,"yet men agreeing together, and taking their turnes it is not much. much might be spoken of the benefit that may come to such as shall here plant by with the indians for furs, if men take a right course for obtaining the same, for i dare presume vpon that small experience i haue had, to affirme, that the english, dutch, and french, returne yeere∣ly many thousand pounds profits by onely from that iland, on which we are seated. tobacco may be there planted, but not with that profit as in some other places, neither were it profitable there to it, though the increase were equall, because fish is a better and richer commoditie, and more necessary, which may be and are there had in as great abundance as in any other part of the world;",test,commercial_exchange,0.5866158448104963
7446,Wealth_Nations:27303,trade,Wealth_Nations.txt,27303,1,trade,77,82,greater quantity of productive labor.,"The natural good effects of the colony trade, however, more than",counterbalance to Great Britain the bad effects of the monopoly;,"greater quantity of productive labor. The natural good effects of the colony trade, however, more than counterbalance to Great Britain the bad effects of the monopoly;",26,2,occupation_or_craft,labor,"greater quantity of productive . the natural good effects of the colony , however, more than counterbalance to great britain the bad effects of the monopoly;",test,commercial_exchange,0.5896517635000333
1705,A07594__Circle_of_Commerce:2285,trade,A07594__Circle_of_Commerce.txt,2285,1,Trade,81,86,Hic labor hoc opus erat:,"in both theſe I beſtowed my former time and paines,Free Trade publiſhed, An.",1622.,"Hic labor hoc opus erat: in both theſe I beſtowed my former time and paines,Free Trade publiſhed, An. 1622.",19,3,occupation_or_craft,labor,"hic hoc opus erat: in both theſe i beſtowed my former time and paines,free publiſhed, an. 1622.",test,commercial_exchange,0.594960371903633
6418,A71307:1616,trade,A71307.txt,1616,1,trade,577,582,speak on left alive for what the soldier spare the citizen in revenge of their disorder pillage and villainy do to their woman bereave they of their life who be dead be not suffer to be bury but lay above the ground as a prey to the dog and fowl of the air heavy likewise be the conqueror hand upon the christian which take abdelas part most of they for their five month service to Abdela be either slay in,the fury of battle or after have his throat cut and this be the end of they who have live in the straits of Gibraltar and the mediterranean sea not as merchant by honest trade but have commit spoil upon diverse seafaring man Pi^ats end feel the bloody hand of a barbarous nation as a deserve punishment send from God to execute justice for their manifold commit wrong and outrage this battle be lose with the great bloodshed that any,have be since these war begin Muley Abdela flee to Fez a hundred person of his whole army not leave alive to bear Sidan m^ster of the field and Moroc^ or Moruecos the king house a castle he company and Sidan master of the field enter the city of Moruecos have another task to take in hand ere he can settle himself quiet in his own nest.,speak on left alive for what the soldier spare the citizen in revenge of their disorder pillage and villainy do to their woman bereave they of their life who be dead be not suffer to be bury but lay above the ground as a prey to the dog and fowl of the air heavy likewise be the conqueror hand upon the christian which take abdelas part most of they for their five month service to Abdela be either slay in the fury of battle or after have his throat cut and this be the end of they who have live in the straits of Gibraltar and the mediterranean sea not as merchant by honest trade but have commit spoil upon diverse seafaring man Pi^ats end feel the bloody hand of a barbarous nation as a deserve punishment send from God to execute justice for their manifold commit wrong and outrage this battle be lose with the great bloodshed that any have be since these war begin Muley Abdela flee to Fez a hundred person of his whole army not leave alive to bear Sidan m^ster of the field and Moroc^ or Moruecos the king house a castle he company and Sidan master of the field enter the city of Moruecos have another task to take in hand ere he can settle himself quiet in his own nest.,227,3,commercial_exchange,"company, merchant",speak on left alive for what the soldier spare the citizen in revenge of their disorder pillage and villainy do to their woman bereave they of their life who be dead be not suffer to be bury but lay above the ground as a prey to the dog and fowl of the air heavy likewise be the conqueror hand upon the christian which take abdelas part most of they for their five month service to abdela be either slay in the fury of battle or after have his throat cut and this be the end of they who have live in the straits of gibraltar and the mediterranean sea not as by honest but have commit spoil upon diverse seafaring man pi^ats end feel the bloody hand of a barbarous nation as a deserve punishment send from god to execute justice for their manifold commit wrong and outrage this battle be lose with the great bloodshed that any have be since these war begin muley abdela flee to fez a hundred person of his whole army not leave alive to bear sidan m^ster of the field and moroc^ or moruecos the king house a castle he and sidan master of the field enter the city of moruecos have another task to take in hand ere he can settle himself quiet in his own nest.,test,occupation_or_craft,0.6008065850267559
4066,A13415:7921,trade,A13415.txt,7921,1,trade,532,537,"And should persecution come, she will be no Martyr, she will neither hang for one religion, or burne for another, shee knowes that she came a raw creature into the world, and her resolution is, that neither re∣ligion or conscience shall send her roasted out of it.","And thus I would haue the Reader to con∣sider, that the paines that I haue taken in this description of a Bawd, is more then I would willingly doe for the honestest woman that dwels betweene Smithfield barres and Clerken∣well, and I know that there is not any of the trade so ingratefull, but that if my selfe or any friend of mine haue occasion to vse them, they will doe their best for me, and goe as neere as they can to take our money.","Neither haue I discoursed of any vpstart new fangled bable or toy, but of an ancient solid, reall, and lasting thing, for when all trades are trade∣falne and broken, a Bawd may set vp with lit∣tle worth, or a thing of naught, and many times her lucke is so fortunate, that she will A Bawd is an excellent Chimmist.","And should persecution come, she will be no Martyr, she will neither hang for one religion, or burne for another, shee knowes that she came a raw creature into the world, and her resolution is, that neither re∣ligion or conscience shall send her roasted out of it. And thus I would haue the Reader to con∣sider, that the paines that I haue taken in this description of a Bawd, is more then I would willingly doe for the honestest woman that dwels betweene Smithfield barres and Clerken∣well, and I know that there is not any of the trade so ingratefull, but that if my selfe or any friend of mine haue occasion to vse them, they will doe their best for me, and goe as neere as they can to take our money. Neither haue I discoursed of any vpstart new fangled bable or toy, but of an ancient solid, reall, and lasting thing, for when all trades are trade∣falne and broken, a Bawd may set vp with lit∣tle worth, or a thing of naught, and many times her lucke is so fortunate, that she will A Bawd is an excellent Chimmist.",192,2,commercial_exchange,money,"and should persecution come, she will be no martyr, she will neither hang for one religion, or burne for another, shee knowes that she came a raw creature into the world, and her resolution is, that neither re∣ligion or conscience shall send her roasted out of it. and thus i would haue the reader to con∣sider, that the paines that i haue taken in this description of a bawd, is more then i would willingly doe for the honestest woman that dwels betweene smithfield barres and clerken∣well, and i know that there is not any of the so ingratefull, but that if my selfe or any friend of mine haue occasion to vse them, they will doe their best for me, and goe as neere as they can to take our . neither haue i discoursed of any vpstart new fangled bable or toy, but of an ancient solid, reall, and lasting thing, for when all trades are ∣falne and broken, a bawd may set vp with lit∣tle worth, or a thing of naught, and many times her lucke is so fortunate, that she will a bawd is an excellent chimmist.",test,occupation_or_craft,0.6623309986071273
